bic,bic_denominacion,eswiki_titulo,eswiki_url,id_bic,id_bic_canarias
http://www.wikidata.org/entity/Q1024943,iglesia de la Concepción,Parroquia Matriz de Nuestra Señora de la Concepción (San Cristóbal de La Laguna),https://es.wikipedia.org/wiki/Parroquia_Matriz_de_Nuestra_Se%C3%B1ora_de_la_Concepci%C3%B3n_(San_Crist%C3%B3bal_de_La_Laguna),RI-51-0001212,
http://www.wikidata.org/entity/Q1049248,Castillo de Guanapay,Castillo de Santa Bárbara (Teguise),https://es.wikipedia.org/wiki/Castillo_de_Santa_B%C3%A1rbara_(Teguise),RI-51-0008266,
http://www.wikidata.org/entity/Q1049274,Castillo de la Luz,Castillo de la Luz,https://es.wikipedia.org/wiki/Castillo_de_la_Luz,RI-51-0001107,
http://www.wikidata.org/entity/Q11073552,Parroquia San Francisco de Asís,Parroquia de San Francisco de Asís (Las Palmas de Gran Canaria),https://es.wikipedia.org/wiki/Parroquia_de_San_Francisco_de_As%C3%ADs_(Las_Palmas_de_Gran_Canaria),RI-51-0008709,
http://www.wikidata.org/entity/Q1241319,Real Santuario Insular de Nuestra Señora de las Nieves,Real Santuario Insular de Nuestra Señora de las Nieves,https://es.wikipedia.org/wiki/Real_Santuario_Insular_de_Nuestra_Se%C3%B1ora_de_las_Nieves,,
http://www.wikidata.org/entity/Q1276162,Exconvento de San Agustín,Exconvento de San Agustín (Tacoronte),https://es.wikipedia.org/wiki/Exconvento_de_San_Agust%C3%ADn_(Tacoronte),ARI-51-0009032,259
http://www.wikidata.org/entity/Q129389,Barrio de los Hoteles,Los Hoteles (Santa Cruz de Tenerife),https://es.wikipedia.org/wiki/Los_Hoteles_(Santa_Cruz_de_Tenerife),RI-53-0000394,1118
http://www.wikidata.org/entity/Q1385934,Catedral de Canarias,Catedral de Canarias,https://es.wikipedia.org/wiki/Catedral_de_Canarias,RI-51-0003939,
http://www.wikidata.org/entity/Q1435665,Salinas de Arinaga,,,RI-51-0010673,
http://www.wikidata.org/entity/Q1451968,Museo de la Naturaleza y el Hombre,Museo de la Naturaleza y el Hombre,https://es.wikipedia.org/wiki/Museo_de_la_Naturaleza_y_el_Hombre,RI-51-0004989,351
http://www.wikidata.org/entity/Q1454573,Templo Masónico de Santa Cruz de Tenerife,Templo Masónico de Santa Cruz de Tenerife,https://es.wikipedia.org/wiki/Templo_Mas%C3%B3nico_de_Santa_Cruz_de_Tenerife,RI-51-0010945,1130
http://www.wikidata.org/entity/Q16540776,Camino del Socorro,Camino del Socorro (Güímar),https://es.wikipedia.org/wiki/Camino_del_Socorro_(G%C3%BC%C3%ADmar),RI-54-0000223,235
http://www.wikidata.org/entity/Q16544245,Casa del Paseo y Capilla de San Juan,Casa del Paseo y Capilla de San Juan,https://es.wikipedia.org/wiki/Casa_del_Paseo_y_Capilla_de_San_Juan,RI-54-0000140,
http://www.wikidata.org/entity/Q16544675,Castillo de El Cotillo,Castillo de El Cotillo,https://es.wikipedia.org/wiki/Castillo_de_El_Cotillo,RI-51-0008264,203
http://www.wikidata.org/entity/Q16563022,Ermita del Socorro,Ermita del Socorro (Güímar),https://es.wikipedia.org/wiki/Ermita_del_Socorro_(G%C3%BC%C3%ADmar),RI-51-0006936,236
http://www.wikidata.org/entity/Q1657172,iglesia de San Marcial de Rubicón,Ermita de San Marcial de Limoges (Femés),https://es.wikipedia.org/wiki/Ermita_de_San_Marcial_de_Limoges_(Fem%C3%A9s),RI-51-0008711,
http://www.wikidata.org/entity/Q16577826,iglesia de San Sebastián,Iglesia de San Sebastián (Agüimes),https://es.wikipedia.org/wiki/Iglesia_de_San_Sebasti%C3%A1n_(Ag%C3%BCimes),RI-51-0004478,
http://www.wikidata.org/entity/Q16577942,iglesia de Santo Domingo,Iglesia de Santo Domingo (Güímar),https://es.wikipedia.org/wiki/Iglesia_de_Santo_Domingo_(G%C3%BC%C3%ADmar),RI-51-0010946,
http://www.wikidata.org/entity/Q16587521,La Hidro,La Hidro,https://es.wikipedia.org/wiki/La_Hidro,RI-54-0000156,935
http://www.wikidata.org/entity/Q16592166,Llano de la Vírgen,Llano de la Virgen (Güímar),https://es.wikipedia.org/wiki/Llano_de_la_Virgen_(G%C3%BC%C3%ADmar),RI-54-0000181,937
http://www.wikidata.org/entity/Q16608527,Molino de la Menora,Molino de la Menora,https://es.wikipedia.org/wiki/Molino_de_la_Menora,RI-54-0000157,
http://www.wikidata.org/entity/Q16616473,Parroquia Matriz de San Pedro Apóstol,Iglesia de San Pedro Apóstol (Vilaflor),https://es.wikipedia.org/wiki/Iglesia_de_San_Pedro_Ap%C3%B3stol_(Vilaflor),RI-51-0008718,
http://www.wikidata.org/entity/Q16616473,Parroquia Matriz de San Pedro Apóstol,Iglesia de San Pedro Apóstol (Vilaflor),https://es.wikipedia.org/wiki/Iglesia_de_San_Pedro_Ap%C3%B3stol_(Vilaflor),RI-51-0008718-00000,
http://www.wikidata.org/entity/Q1700342,iglesia de Santa Catalina Mártir de Alejandría,Iglesia de Santa Catalina Mártir de Alejandría (Tacoronte),https://es.wikipedia.org/wiki/Iglesia_de_Santa_Catalina_M%C3%A1rtir_de_Alejandr%C3%ADa_(Tacoronte),RI-51-0008744,365
http://www.wikidata.org/entity/Q1707711,Ermita de los Dolores,Ermita de los Dolores (Tinajo),https://es.wikipedia.org/wiki/Ermita_de_los_Dolores_(Tinajo),RI-51-0010741,
http://www.wikidata.org/entity/Q1750856,iglesia de Nuestra Señora de la Peña de Francia,Iglesia de Nuestra Señora de la Peña de Francia (Puerto de la Cruz),https://es.wikipedia.org/wiki/Iglesia_de_Nuestra_Se%C3%B1ora_de_la_Pe%C3%B1a_de_Francia_(Puerto_de_la_Cruz),,250
http://www.wikidata.org/entity/Q17525464,Molinos y lavaderos de Chacaica,Molinos y lavaderos de Chacaica,https://es.wikipedia.org/wiki/Molinos_y_lavaderos_de_Chacaica,RI-53-0000529,
http://www.wikidata.org/entity/Q17612354,Casa-Museo Pérez Galdós,Casa-Museo Pérez Galdós,https://es.wikipedia.org/wiki/Casa-Museo_P%C3%A9rez_Gald%C3%B3s,RI-51-0008708,
http://www.wikidata.org/entity/Q18397857,El Casco,El Casco (Los Silos),https://es.wikipedia.org/wiki/El_Casco_(Los_Silos),RI-53-0000478,248
http://www.wikidata.org/entity/Q1878948,Castillo de San José,Castillo de San José,https://es.wikipedia.org/wiki/Castillo_de_San_Jos%C3%A9,RI-51-0008260,144
http://www.wikidata.org/entity/Q1952424,Convento de Santa Clara de Asís,Convento de Santa Clara de Asís (San Cristóbal de La Laguna),https://es.wikipedia.org/wiki/Convento_de_Santa_Clara_de_As%C3%ADs_(San_Crist%C3%B3bal_de_La_Laguna),RI-51-0004264,
http://www.wikidata.org/entity/Q20018152,San Juan de la Rambla,San Juan de la Rambla (casco),https://es.wikipedia.org/wiki/San_Juan_de_la_Rambla_(casco),RI-53-0000454,1057
http://www.wikidata.org/entity/Q2004326,iglesia de la Concepción,Iglesia de la Concepción (La Orotava),https://es.wikipedia.org/wiki/Iglesia_de_la_Concepci%C3%B3n_(La_Orotava),RI-51-0001211,
http://www.wikidata.org/entity/Q2053265,iglesia de San Francisco de Asís,Iglesia de San Francisco de Asís (Santa Cruz de Tenerife),https://es.wikipedia.org/wiki/Iglesia_de_San_Francisco_de_As%C3%ADs_(Santa_Cruz_de_Tenerife),RI-51-0008731,346
http://www.wikidata.org/entity/Q206404,Teatro Pérez Galdós,Teatro Pérez Galdós,https://es.wikipedia.org/wiki/Teatro_P%C3%A9rez_Gald%C3%B3s,RI-51-0006817,99
http://www.wikidata.org/entity/Q2073174,Castillo de San Cristóbal,Castillo de San Cristóbal (Santa Cruz de Tenerife),https://es.wikipedia.org/wiki/Castillo_de_San_Crist%C3%B3bal_(Santa_Cruz_de_Tenerife),,
http://www.wikidata.org/entity/Q2073408,Castillo de San Juan,Castillo de San Juan (Santa Cruz de Tenerife),https://es.wikipedia.org/wiki/Castillo_de_San_Juan_(Santa_Cruz_de_Tenerife),RI-51-0008257,360
http://www.wikidata.org/entity/Q20856286,Santuario de Nuestra Señora del Carmen,Santuario de Nuestra Señora del Carmen (Los Realejos),https://es.wikipedia.org/wiki/Santuario_de_Nuestra_Se%C3%B1ora_del_Carmen_(Los_Realejos),RI-51-0011164,
http://www.wikidata.org/entity/Q2185489,Faro de Punta Pechiguera,Faro de Punta Pechiguera,https://es.wikipedia.org/wiki/Faro_de_Punta_Pechiguera,RI-51-0010917,158
http://www.wikidata.org/entity/Q24568165,Cañada de los Gatos,Cañada de los Gatos,https://es.wikipedia.org/wiki/Ca%C3%B1ada_de_los_Gatos,RI-55-0000280,106
http://www.wikidata.org/entity/Q24693406,Las Cuevas de Don Gaspar,Cuevas de Don Gaspar,https://es.wikipedia.org/wiki/Cuevas_de_Don_Gaspar,RI-55-0000651,960
http://www.wikidata.org/entity/Q24951597,iglesia de Nuestra Señora de los Remedios,,,RI-51-0008733,
http://www.wikidata.org/entity/Q27616561,Sede del Parlamento de Canarias,Sede del Parlamento de Canarias,https://es.wikipedia.org/wiki/Sede_del_Parlamento_de_Canarias,RI-51-0011237-00000,349
http://www.wikidata.org/entity/Q27688767,Palacete Rodríguez Quegles,Palacete Rodríguez Quegles,https://es.wikipedia.org/wiki/Palacete_Rodr%C3%ADguez_Quegles,ARI-51-0007111,
http://www.wikidata.org/entity/Q28035250,Necrópolis de Maipés de Arriba,,,RI-55-0000081,
http://www.wikidata.org/entity/Q2878575,basílica de San Juan Bautista,Basílica de San Juan Bautista (Telde),https://es.wikipedia.org/wiki/Bas%C3%ADlica_de_San_Juan_Bautista_(Telde),RI-51-0007028,
http://www.wikidata.org/entity/Q2890339,Ermita de San Pedro y San Juan,Ermita de San Pedro y San Juan (Vallebrón),https://es.wikipedia.org/wiki/Ermita_de_San_Pedro_y_San_Juan_(Vallebr%C3%B3n),RI-51-0007418,
http://www.wikidata.org/entity/Q2890891,Parroquia de la Virgen del Pilar,Parroquia de la Virgen del Pilar (El Toscal),https://es.wikipedia.org/wiki/Parroquia_de_la_Virgen_del_Pilar_(El_Toscal),,
http://www.wikidata.org/entity/Q2918089,Capilla de San Pedro de Arriba,Capilla de San Pedro de Arriba,https://es.wikipedia.org/wiki/Capilla_de_San_Pedro_de_Arriba,RI-51-0010988,
http://www.wikidata.org/entity/Q2918942,Ermita de Nuestra Señora de La Concepción,Ermita de Nuestra Señora de La Concepción (Puerto del Rosario),https://es.wikipedia.org/wiki/Ermita_de_Nuestra_Se%C3%B1ora_de_La_Concepci%C3%B3n_(Puerto_del_Rosario),RI-51-0008717,
http://www.wikidata.org/entity/Q3198233,Castillo de San Miguel,Castillo de San Miguel (Garachico),https://es.wikipedia.org/wiki/Castillo_de_San_Miguel_(Garachico),RI-51-0008253,
http://www.wikidata.org/entity/Q3560239,El Museo Canario,El Museo Canario,https://es.wikipedia.org/wiki/El_Museo_Canario,RI-51-0001342,100
http://www.wikidata.org/entity/Q3565234,Museo Municipal de Bellas Artes de Santa Cruz de Tenerife,Museo municipal de Bellas Artes (Santa Cruz de Tenerife),https://es.wikipedia.org/wiki/Museo_municipal_de_Bellas_Artes_(Santa_Cruz_de_Tenerife),RI-51-0001343,354
http://www.wikidata.org/entity/Q3689605,Convento de Santa Catalina de Siena (San Cristóbal de La Laguna),Convento de Santa Catalina de Siena (San Cristóbal de La Laguna),https://es.wikipedia.org/wiki/Convento_de_Santa_Catalina_de_Siena_(San_Crist%C3%B3bal_de_La_Laguna),RI-51-0009020,
http://www.wikidata.org/entity/Q3699202,Museo y Parque Arqueológico Cueva Pintada,Museo y Parque Arqueológico Cueva Pintada,https://es.wikipedia.org/wiki/Museo_y_Parque_Arqueol%C3%B3gico_Cueva_Pintada,RI-51-0003880,
http://www.wikidata.org/entity/Q3739792,Faro de Maspalomas,Faro de Maspalomas,https://es.wikipedia.org/wiki/Faro_de_Maspalomas,RI-51-0006973,803
http://www.wikidata.org/entity/Q3821476,Vegueta,Vegueta,https://es.wikipedia.org/wiki/Vegueta,RI-53-0000155,89
http://www.wikidata.org/entity/Q43077814,Ermita de Nuestra Señora de la Merced,,,RI-51-0011457,
http://www.wikidata.org/entity/Q43078824,Institución de Villasegura,,,ARI-51-0007049,
http://www.wikidata.org/entity/Q43078876,Casa Miranda,,,ARI-51-0009037,997
http://www.wikidata.org/entity/Q43091014,Castillo de Santa Catalina,,,RI-51-0001239,
http://www.wikidata.org/entity/Q43091636,Museo de Bellas Artes,,,RI-51-0001341,
http://www.wikidata.org/entity/Q43111423,Grabados Rupestres del Barranco de Balos,Grabados rupestres del Barranco de Balos,https://es.wikipedia.org/wiki/Grabados_rupestres_del_Barranco_de_Balos,RI-51-0003912,73
http://www.wikidata.org/entity/Q43113884,Templo de San Francisco,,,RI-51-0004240,
http://www.wikidata.org/entity/Q43114526,Ermita de la Concepción,,,RI-51-0004350,112
http://www.wikidata.org/entity/Q43114744,Ermita de San Pedro González de Telmo,,,RI-51-0004382,
http://www.wikidata.org/entity/Q43114910,Iglesia de San José,,,RI-51-0004408,
http://www.wikidata.org/entity/Q43115365,Iglesia de San Pedro Mártir,,,RI-51-0004473,122
http://www.wikidata.org/entity/Q43115678,Casa de los Capitanes Generales,,,RI-51-0004535,
http://www.wikidata.org/entity/Q43117395,Antiguo Mercado,,,RI-51-0004828-00001,1126
http://www.wikidata.org/entity/Q43118063,Ex-convento de San Agustín,,,RI-51-0004925,
http://www.wikidata.org/entity/Q43118435,Cueva de Villaverde,,,RI-51-0004980,205
http://www.wikidata.org/entity/Q43120071,Molino de Corralejo,,,RI-51-0005287,
http://www.wikidata.org/entity/Q43120080,Molino de Villaverde,,,RI-51-0005288,
http://www.wikidata.org/entity/Q43120095,Molino de Tefía,,,RI-51-0005289,
http://www.wikidata.org/entity/Q43120105,Molino de los Llanos de la Concepción,,,RI-51-0005290,
http://www.wikidata.org/entity/Q43120118,Molino de Antigua,,,RI-51-0005291,
http://www.wikidata.org/entity/Q43120126,Molina de Valles de Ortega (Núcleo),,,RI-51-0005292,
http://www.wikidata.org/entity/Q43120135,Molino de Valles de Ortega,,,RI-51-0005293,
http://www.wikidata.org/entity/Q43120147,Molino de Valles de Ortega (Núcleo),,,RI-51-0005294,
http://www.wikidata.org/entity/Q43120156,Molino de Corralejo,,,RI-51-0005295,
http://www.wikidata.org/entity/Q43120167,Molino de El Roque,,,RI-51-0005296,
http://www.wikidata.org/entity/Q43120174,Molino de Lajares,,,RI-51-0005297,
http://www.wikidata.org/entity/Q43120184,Molino de Villaverde,,,RI-51-0005299,
http://www.wikidata.org/entity/Q43120194,Molina de Tindaya-Tebeto,,,RI-51-0005300,
http://www.wikidata.org/entity/Q43120206,Molina de la Asomada,,,RI-51-0005301,
http://www.wikidata.org/entity/Q43120211,Molina de Puerto Lajas,,,RI-51-0005302,
http://www.wikidata.org/entity/Q43120219,Molina de Almácigo,,,RI-51-0005303,
http://www.wikidata.org/entity/Q43120224,Molino de los Llanos de la Concepción,,,RI-51-0005305,
http://www.wikidata.org/entity/Q43120237,Molino del Durazno,,,RI-51-0005306,
http://www.wikidata.org/entity/Q43120244,Molino de la Corte,,,RI-51-0005307,
http://www.wikidata.org/entity/Q43120256,Molino de Tiscamanita,,,RI-51-0005308,
http://www.wikidata.org/entity/Q43120267,Molino de Tiscamanita,,,RI-51-0005309,
http://www.wikidata.org/entity/Q43120681,Casona de Fierro-Torres y Santa Cruz,,,RI-51-0005435,
http://www.wikidata.org/entity/Q43120694,Casona y Jardines de San Fernando,,,RI-51-0005436,
http://www.wikidata.org/entity/Q43120714,Casa de los Arroyo,,,RI-51-0005440,
http://www.wikidata.org/entity/Q43127913,Ermita de San Sebastián,,,RI-51-0006811,
http://www.wikidata.org/entity/Q43127922,Iglesia de Santo Domingo de Guzmán,,,RI-51-0006814,94
http://www.wikidata.org/entity/Q43128388,Pozo de la Virgen,,,RI-51-0006882,224
http://www.wikidata.org/entity/Q43128416,Casa de la Aguada,,,RI-51-0006885,
http://www.wikidata.org/entity/Q43129419,Ermita de Nuestra Señora del Socorro,,,RI-51-0007029,765
http://www.wikidata.org/entity/Q43129451,Ermita de San Vicente Ferrer,,,RI-51-0007031,
http://www.wikidata.org/entity/Q43129461,Ermita de San Pedro de Alcántara,,,RI-51-0007032,
http://www.wikidata.org/entity/Q43129477,Parroquia de Santa Ana,,,RI-51-0007033,
http://www.wikidata.org/entity/Q43129488,Ermita de San Isidro,,,RI-51-0007034,
http://www.wikidata.org/entity/Q43129497,Ermita de Nuestra Señora de Puerto Rico,,,RI-51-0007035,199
http://www.wikidata.org/entity/Q43129516,Ermita de San Roque,,,RI-51-0007037,
http://www.wikidata.org/entity/Q43129543,Escuela de Artes Aplicadas y Oficios Artísticos,,,RI-51-0007042,350
http://www.wikidata.org/entity/Q43129568,Edificio del antiguo Colegio de la Asunción,,,RI-51-0007048,
http://www.wikidata.org/entity/Q43130885,Casa del Capitán Quesada,,,RI-51-0007248,80
http://www.wikidata.org/entity/Q43130894,Ermita de San José de las Longueras,,,RI-51-0007249,
http://www.wikidata.org/entity/Q43132256,Palacio de Lercaro,,,RI-51-0007421,1030
http://www.wikidata.org/entity/Q43140505,Castillo de San Gabriel,Castillo de San Gabriel,https://es.wikipedia.org/wiki/Castillo_de_San_Gabriel,RI-51-0008259,
http://www.wikidata.org/entity/Q43140547,Castillo de Fustes,Castillo de Fuste,https://es.wikipedia.org/wiki/Castillo_de_Fuste,RI-51-0008265,
http://www.wikidata.org/entity/Q43140574,Castillo de San Marcial de Rubicón de Femes,Castillo de San Marcial de Rubicón de Femés,https://es.wikipedia.org/wiki/Castillo_de_San_Marcial_de_Rubic%C3%B3n_de_Fem%C3%A9s,RI-51-0008267,
http://www.wikidata.org/entity/Q43143513,Casa Natal de Benito Pérez Armas,,,RI-51-0008695,
http://www.wikidata.org/entity/Q43143573,Ermita de San José del Caidero,,,RI-51-0008710,79
http://www.wikidata.org/entity/Q43143593,Ermita de Nuestra Señora de Guadalupe,,,RI-51-0008712,183
http://www.wikidata.org/entity/Q43143605,Ermita de San Francisco,,,RI-51-0008713,
http://www.wikidata.org/entity/Q43143617,Ermita de Santo Domingo de Guzmán,,,RI-51-0008714,
http://www.wikidata.org/entity/Q43143640,Ermita de San Antonio,,,RI-51-0008716,
http://www.wikidata.org/entity/Q43143658,Iglesia de San Mauro Abad y Casa Parroquial,,,RI-51-0008720,171
http://www.wikidata.org/entity/Q43143662,Iglesia y Antiguo Convento Franciscano,,,RI-51-0008721,
http://www.wikidata.org/entity/Q43143676,Edificio Circulo de Amistad XII de Enero,,,RI-51-0008723,
http://www.wikidata.org/entity/Q43143688,Iglesia Parroquia de San Andrés,,,RI-51-0008725,
http://www.wikidata.org/entity/Q43143696,Ermita de Nuestra Señora del Buen Viaje,,,RI-51-0008726,
http://www.wikidata.org/entity/Q43143717,Ex-convento de San Francisco,,,RI-51-0008729,
http://www.wikidata.org/entity/Q43143757,Casa Fuerte,,,RI-51-0008734,219
http://www.wikidata.org/entity/Q43143761,"Ex Convento de San Sebastián, de las monjas de San Bernado",,,RI-51-0008735,249
http://www.wikidata.org/entity/Q43143764,Ermita de San Nicolás de Tolentino y Casa Solariega,,,RI-51-0008736,
http://www.wikidata.org/entity/Q43143772,Ex-convento de San Francisco,,,RI-51-0008737,
http://www.wikidata.org/entity/Q43143785,Iglesia de Santa Úrsula,,,RI-51-0008738,
http://www.wikidata.org/entity/Q43143810,Cueva de Belmaco,Parque Arqueológico de Belmaco,https://es.wikipedia.org/wiki/Parque_Arqueol%C3%B3gico_de_Belmaco,RI-51-0008740,
http://www.wikidata.org/entity/Q43143820,Casa Natal del Beato Padre Anchieta,,,RI-51-0008741,
http://www.wikidata.org/entity/Q43143832,Casa Natal de José Antonio de Viera y Clavijo,,,RI-51-0008742,247
http://www.wikidata.org/entity/Q43143843,Casa del Mayor Guerra,,,RI-51-0008743,
http://www.wikidata.org/entity/Q43145524,Hospital e Iglesia de Nuestra Señora de Los Dolores,,,RI-51-0009022,
http://www.wikidata.org/entity/Q43145531,Antiguo Convento de Santo Domingo,,,RI-51-0009024,1027
http://www.wikidata.org/entity/Q43154558,Fachada del Inmueble números 23 y 25 de la calle León y Castillo,,,RI-51-0010182,756
http://www.wikidata.org/entity/Q43156591,Primera sede del Cabildo de Lanzarote,,,RI-51-0010529,
http://www.wikidata.org/entity/Q43156716,"Inmuebles sitos en la calle Calvario, 52 y 54",,,RI-51-0010560,
http://www.wikidata.org/entity/Q43156830,Casa Mascareño,,,RI-51-0010602,1120
http://www.wikidata.org/entity/Q43156984,Salinas del Carmen,,,RI-51-0010642,
http://www.wikidata.org/entity/Q43157097,Salinas de Tenefé,,,RI-51-0010674,
http://www.wikidata.org/entity/Q43158321,La Financiera,,,RI-51-0010987,
http://www.wikidata.org/entity/Q43158346,Ermita de San Isidro Labrador,,,RI-51-0010997,
http://www.wikidata.org/entity/Q43158663,Ermita de San José,,,RI-51-0011071,
http://www.wikidata.org/entity/Q43158676,Ermita de San Marcos,,,RI-51-0011094,771
http://www.wikidata.org/entity/Q43158943,Polvorín de Taco,,,RI-51-0011163,1029
http://www.wikidata.org/entity/Q43158953,Casa del Capitán,,,RI-51-0011165,1139
http://www.wikidata.org/entity/Q43160845,Ermita de Nuestra Señora de los Dolores y San Miguel Arcángel,,,RI-51-0011509,
http://www.wikidata.org/entity/Q43165664,Cementerio de Vegueta,,,RI-51-0012206,
http://www.wikidata.org/entity/Q43165676,Cementerio Inglés,,,RI-51-0012207,
http://www.wikidata.org/entity/Q43168681,Casco antiguo de la ciudad de de Santa Cruz de la Palma,,,RI-53-0000187,
http://www.wikidata.org/entity/Q43168901,Villa de La Orotava,,,RI-53-0000210,240
http://www.wikidata.org/entity/Q43168914,Conjunto Histórico Artístico Casco Antiguo de la Ciudad de Arucas,,,RI-53-0000211,
http://www.wikidata.org/entity/Q43169094,Conjunto histórico artístico de Teror,,,RI-53-0000225,
http://www.wikidata.org/entity/Q43169120,"Castillo de San Gabriel, Camino y Puente",,,RI-53-0000227,
http://www.wikidata.org/entity/Q43169246,La ciudad de Tacoronte,,,RI-53-0000238,
http://www.wikidata.org/entity/Q43169288,Conjunto Histórico Artístico Barrios de San Juan y San Francisco,,,RI-53-0000241,
http://www.wikidata.org/entity/Q43169297,Conjunto Histórico Artístico la Plaza de Santiago,,,RI-53-0000242,75
http://www.wikidata.org/entity/Q43169528,Conjunto Histórico Artístico Casco Antiguo de la Ciudad de Santa María de Guía,,,RI-53-0000263,
http://www.wikidata.org/entity/Q43170209,Barranco Hondo de Abajo,,,RI-53-0000378,76
http://www.wikidata.org/entity/Q43170369,Conjunto Histórico Artístico El Caserío de Icor,,,RI-53-0000412,
http://www.wikidata.org/entity/Q43170376,El Caserío de Masca,,,RI-53-0000413,
http://www.wikidata.org/entity/Q43170534,Casas de la Mayordomía y Ermita de San Antonio Abad,,,RI-53-0000443,
http://www.wikidata.org/entity/Q43170565,Buenavista del Norte,,,RI-53-0000452,906
http://www.wikidata.org/entity/Q43170577,Villa y Puerto de Garachico,,,RI-53-0000453,229
http://www.wikidata.org/entity/Q43170656,Casco histórico de San Cristóbal de la Laguna,,,RI-53-0000466,
http://www.wikidata.org/entity/Q43170722,Icod de los Vinos,,,RI-53-0000476,955
http://www.wikidata.org/entity/Q43171397,El Casco Histórico de Gúimar,,,RI-53-0000516,
http://www.wikidata.org/entity/Q43171481,Casco Histórico de Santa Brígida,,,RI-53-0000530,804
http://www.wikidata.org/entity/Q43171559,Molino de los Barber,,,RI-53-0000539,
http://www.wikidata.org/entity/Q43171574,Caserío de Casas Altas,,,RI-53-0000541,
http://www.wikidata.org/entity/Q43171574,Caserío de Casas Altas,,,RI-53-0000541,
http://www.wikidata.org/entity/Q43171583,El Molino y Lavaderos,,,RI-53-0000542,
http://www.wikidata.org/entity/Q43172060,Guía de Isora,,,RI-53-0000583,934
http://www.wikidata.org/entity/Q43172123,El Realejo Bajo,,,RI-53-0000591,
http://www.wikidata.org/entity/Q43172186,El Antiguo Santa Cruz,,,RI-53-0000607,
http://www.wikidata.org/entity/Q43172315,"Iglesia de Nuestra Señora de La Luz, Arico el Nuevo",,,RI-53-0000621,
http://www.wikidata.org/entity/Q43173042,El Patio de los Siete Lagares,,,RI-54-0000058,
http://www.wikidata.org/entity/Q43173184,"Conjunto de Muelles, Almacenes, Varaderos y Puente del Barranco y Playa de Valleseco",,,RI-54-0000079,1132
http://www.wikidata.org/entity/Q43173288,Sima de Jinámar,,,RI-54-0000092,125
http://www.wikidata.org/entity/Q43173831,Sitio Histórico de Nuestra Señora de Buen Paso,,,RI-54-0000142,
http://www.wikidata.org/entity/Q43173847,Lo de Ramos,,,RI-54-0000144,
http://www.wikidata.org/entity/Q43173903,Finca los Dolores,,,RI-54-0000149,
http://www.wikidata.org/entity/Q43173945,Barrio de los Quevedos,,,RI-54-0000158,
http://www.wikidata.org/entity/Q43174079,La Librea de Valle Guerra,,,RI-54-0000169,
http://www.wikidata.org/entity/Q43174098,La Librea de Tegueste,,,RI-54-0000170,1135
http://www.wikidata.org/entity/Q43174112,Molino de Agua,,,RI-54-0000171,
http://www.wikidata.org/entity/Q43174123,Molino Quemado,,,RI-54-0000172,
http://www.wikidata.org/entity/Q43174159,Acueducto de los Molinos,,,RI-54-0000178,966
http://www.wikidata.org/entity/Q43174197,Camino de El Ciprés,,,RI-54-0000182,
http://www.wikidata.org/entity/Q43174312,Camino de Candelaria,Camino viejo de Candelaria (Santa Cruz de Tenerife),https://es.wikipedia.org/wiki/Camino_viejo_de_Candelaria_(Santa_Cruz_de_Tenerife),RI-54-0000195,910
http://www.wikidata.org/entity/Q43174312,Camino de Candelaria,Camino viejo de Candelaria (Santa Cruz de Tenerife),https://es.wikipedia.org/wiki/Camino_viejo_de_Candelaria_(Santa_Cruz_de_Tenerife),RI-54-0000195,910
http://www.wikidata.org/entity/Q43174312,Camino de Candelaria,Camino viejo de Candelaria (Santa Cruz de Tenerife),https://es.wikipedia.org/wiki/Camino_viejo_de_Candelaria_(Santa_Cruz_de_Tenerife),RI-54-0000195,910
http://www.wikidata.org/entity/Q43174319,Alfombras del Corpus,,,RI-54-0000206,692
http://www.wikidata.org/entity/Q43174341,Casa de Fray Andresito,,,RI-54-0000209,
http://www.wikidata.org/entity/Q43174366,El Charco de la Aldea,,,RI-54-0000214,
http://www.wikidata.org/entity/Q43174381,Danza del Diablo,,,RI-54-0000215,
http://www.wikidata.org/entity/Q43174469,Pozos de los desaparecidos en la Guerra Civil Española,,,RI-54-0000226,
http://www.wikidata.org/entity/Q43174594,Sitio Etnológico del Secadero de Tabaco,,,RI-54-0000630,
http://www.wikidata.org/entity/Q43174605,Molino de aceite de el Valle,,,RI-54-0010555,
http://www.wikidata.org/entity/Q43175282,"La Guancha, El Agujero y Bocabarranco",,,RI-55-0000067,87
http://www.wikidata.org/entity/Q43175453,Yacimiento Arqueológico de Zonzamas con queseras y construcciones ciclópeas,,,RI-55-0000094,
http://www.wikidata.org/entity/Q43175541,Yacimiento Arqueológico de Botija,,,RI-55-0000103,83
http://www.wikidata.org/entity/Q43176155,Montaña de Las Huesas,,,RI-55-0000218,129
http://www.wikidata.org/entity/Q43176168,Zona Arqueológica de las Cuevas del Patronato o Facaracas,,,RI-55-0000219,
http://www.wikidata.org/entity/Q43176231,"Zona Arqueológica ""Lomo Galeón""",,,RI-55-0000224,
http://www.wikidata.org/entity/Q43176258,El Llanillo,,,RI-55-0000228,108
http://www.wikidata.org/entity/Q43176454,Zona Arqueológica El Entorno de la Cueva Pintada,,,RI-55-0000273,
http://www.wikidata.org/entity/Q43176520,Yacimiento arqueológico de La Restinga,,,RI-55-0000282,
http://www.wikidata.org/entity/Q43176550,Tagoror del Gallego,,,RI-55-0000298,119
http://www.wikidata.org/entity/Q43176948,Roque de Malpaso,,,RI-55-0000357,223
http://www.wikidata.org/entity/Q43177072,Cuevas de La Angostura,,,RI-55-0000382,
http://www.wikidata.org/entity/Q43177092,Zona Arqueológica la Cogolla de Venegueras,,,RI-55-0000387,
http://www.wikidata.org/entity/Q43177100,Zona Arqueológica la Cañada de la Mar,,,RI-55-0000389,
http://www.wikidata.org/entity/Q43177155,Poblado de Guinea,,,RI-55-0000397,134
http://www.wikidata.org/entity/Q43177227,La Cueva de los Canarios,,,RI-55-0000405,
http://www.wikidata.org/entity/Q43177266,Zona Arqueológica la Candía,,,RI-55-0000409,
http://www.wikidata.org/entity/Q43177395,Yacimiento arqueológico del barranco de Silva,,,RI-55-0000417,130
http://www.wikidata.org/entity/Q43177410,Zona Arqueológica Roque de Teneguía,,,RI-55-0000418,
http://www.wikidata.org/entity/Q43177503,Yacimiento Arqueológico los Caserones,,,RI-55-0000433,
http://www.wikidata.org/entity/Q43177519,Yacimiento Arqueológico los Caserones de Fataga,,,RI-55-0000434,
http://www.wikidata.org/entity/Q43178216,Zona Arqueológica de Morro Grueso,,,RI-55-0000526,
http://www.wikidata.org/entity/Q43178542,Zona Arqueológica La Barranquera,,,RI-55-0000621,
http://www.wikidata.org/entity/Q43178548,Zona Arqueológica Los Cambados,,,RI-55-0000622,
http://www.wikidata.org/entity/Q43178554,Roque de Vento,,,RI-55-0000623,881
http://www.wikidata.org/entity/Q43178561,Roque de la Abejera,,,RI-55-0000624,1098
http://www.wikidata.org/entity/Q43178568,Roque de Higara,,,RI-55-0000625,
http://www.wikidata.org/entity/Q43178575,Roque de Chijafe,,,RI-55-0000626,880
http://www.wikidata.org/entity/Q43178708,La Montañeta,Cuevas de la Montañeta,https://es.wikipedia.org/wiki/Cuevas_de_la_Monta%C3%B1eta,RI-55-0000676,829
http://www.wikidata.org/entity/Q43178713,Lomo Gordo,,,RI-55-0000688,1138
http://www.wikidata.org/entity/Q43178722,Yacimiento Arqueológico Juan Fenández - La Fuentecilla,,,RI-55-0000689,
http://www.wikidata.org/entity/Q43178728,Zona Arqueológica La Gallega,,,RI-55-0000690,
http://www.wikidata.org/entity/Q43178749,Playa del Búnker - El Guincho,,,RI-55-0000704,722
http://www.wikidata.org/entity/Q43178759,Acantilados de Tacoronte y Barranco de Guayonge,,,RI-55-0000706,1143
http://www.wikidata.org/entity/Q43178788,Cuevas y Morros de Ávila,,,RI-55-0000716,796
http://www.wikidata.org/entity/Q43178806,Las Cuevas de Los Frailes,,,RI-55-0000719,
http://www.wikidata.org/entity/Q43178806,Las Cuevas de Los Frailes,,,RI-55-0000719,
http://www.wikidata.org/entity/Q43178818,Zona Arqueológica de Pico Yeje,,,RI-55-0000722,
http://www.wikidata.org/entity/Q43179063,La Guirra,,,RI-55-0000812,
http://www.wikidata.org/entity/Q43179076,Yacimiento paleontológico del Barranco de los Encantados o Enamorados,,,RI-55-0000816,
http://www.wikidata.org/entity/Q43179084,Ladera de Martiánez,,,RI-55-0000817,1004
http://www.wikidata.org/entity/Q43179093,Yacimiento Bujero del Silo,,,RI-55-0000818,
http://www.wikidata.org/entity/Q43179102,La Santa,,,RI-55-0000824,
http://www.wikidata.org/entity/Q43179102,La Santa,,,RI-55-0000824,
http://www.wikidata.org/entity/Q43179134,Zona Arqueológica El Barranco del Cavadero,,,RI-55-0000835,
http://www.wikidata.org/entity/Q43179160,Zona Arqueológica del Barranco de Agua de Dios,,,RI-55-0000838,
http://www.wikidata.org/entity/Q43179165,Yacimiento Arqueológico de Puntallana,,,RI-55-0000839,
http://www.wikidata.org/entity/Q43179191,Zona Arqueológica del Barranco de Tinojay,,,RI-55-0000852,
http://www.wikidata.org/entity/Q43179202,Poblado de la Atalayita,,,RI-55-0000855-00001,
http://www.wikidata.org/entity/Q43179216,Zona Arqueológica Acantilados de San Juan de La Rambla y Laderas de Los Barrancos de Chaurera y Ruiz,,,RI-55-0000862,688
http://www.wikidata.org/entity/Q43179216,Zona Arqueológica Acantilados de San Juan de La Rambla y Laderas de Los Barrancos de Chaurera y Ruiz,,,RI-55-0000862,1058
http://www.wikidata.org/entity/Q43179241,Yacimiento de Las Toscas,,,RI-55-0000870,882
http://www.wikidata.org/entity/Q43179250,Zona Arqueológica de Rasca,,,RI-55-0000871,
http://www.wikidata.org/entity/Q43179261,Zona Paleontológica de Punta Negra,,,RI-55-0000873,
http://www.wikidata.org/entity/Q43179297,Grabados Rupestres de La Era del Cardón,,,RI-55-0000892,817
http://www.wikidata.org/entity/Q43179566,"Archivo Histórico Provincial ""Joaquín Blanco""",,,RI-AR-0000042,
http://www.wikidata.org/entity/Q43179613,Archivo Histórico Provincial,,,RI-AR-0000049,
http://www.wikidata.org/entity/Q43179741,Biblioteca Pública del Estado en Las Palmas de Gran Canaria,,,RI-BI-0000017,
http://www.wikidata.org/entity/Q4397801,Villa de Teguise,,,RI-53-0000234,
http://www.wikidata.org/entity/Q4891034,Teatro Guimerá,Teatro Guimerá,https://es.wikipedia.org/wiki/Teatro_Guimer%C3%A1,RI-51-0004828,356
http://www.wikidata.org/entity/Q5192633,Cueva de Achbinico,Cueva de Achbinico,https://es.wikipedia.org/wiki/Cueva_de_Achbinico,,
http://www.wikidata.org/entity/Q5192637,Cueva de Chinguaro,Chinguaro,https://es.wikipedia.org/wiki/Chinguaro,RI-54-0000093,
http://www.wikidata.org/entity/Q5399068,Capilla de las Siervas de María,Capilla de las Siervas de María (Santa Cruz de Tenerife),https://es.wikipedia.org/wiki/Capilla_de_las_Siervas_de_Mar%C3%ADa_(Santa_Cruz_de_Tenerife),,
http://www.wikidata.org/entity/Q5409313,Triana,Triana (Las Palmas de Gran Canaria),https://es.wikipedia.org/wiki/Triana_(Las_Palmas_de_Gran_Canaria),RI-53-0000386,90
http://www.wikidata.org/entity/Q5493020,iglesia de San Roque,Iglesia de San Roque (Tinajo),https://es.wikipedia.org/wiki/Iglesia_de_San_Roque_(Tinajo),RI-51-0010496,
http://www.wikidata.org/entity/Q5495085,iglesia de Nuestra Señora de la Candelaria,Iglesia de Nuestra Señora de la Candelaria (La Oliva),https://es.wikipedia.org/wiki/Iglesia_de_Nuestra_Se%C3%B1ora_de_la_Candelaria_(La_Oliva),RI-51-0007416,195
http://www.wikidata.org/entity/Q5553936,Hornos de Cal de la Guirra,Hornos de Cal de la Guirra,https://es.wikipedia.org/wiki/Hornos_de_Cal_de_la_Guirra,RI-51-0009280-00000,188
http://www.wikidata.org/entity/Q5574972,basílica de Nuestra Señora del Pino,Basílica de Nuestra Señora del Pino,https://es.wikipedia.org/wiki/Bas%C3%ADlica_de_Nuestra_Se%C3%B1ora_del_Pino,RI-51-0004241,
http://www.wikidata.org/entity/Q5646903,Torreón de San Pedro Mártir,Torreón de San Pedro Mártir,https://es.wikipedia.org/wiki/Torre%C3%B3n_de_San_Pedro_M%C3%A1rtir,RI-51-0008263,
http://www.wikidata.org/entity/Q56677165,Ruinas del Poblado Prehistórico de Tufia,,,RI-55-0000083,
http://www.wikidata.org/entity/Q56677184,"Lugar marcado por la Cruz, Ermita de los Dolores",,,RI-54-0000150,154
http://www.wikidata.org/entity/Q56677648,Hacienda de La Quinta Roja,,,,
http://www.wikidata.org/entity/Q56677668,Caseríos de Chirche y Aripe,,,RI-53-0000583,
http://www.wikidata.org/entity/Q5705046,Arona (capital municipal),Arona (capital municipal),https://es.wikipedia.org/wiki/Arona_(capital_municipal),RI-53-0000622,
http://www.wikidata.org/entity/Q5714931,Ayuntamiento de Santa Cruz de Tenerife,Ayuntamiento de Santa Cruz de Tenerife,https://es.wikipedia.org/wiki/Ayuntamiento_de_Santa_Cruz_de_Tenerife,RI-51-0007041,352
http://www.wikidata.org/entity/Q5727908,Biblioteca Pública del Estado en Santa Cruz de Tenerife,Biblioteca Pública del Estado en Santa Cruz de Tenerife,https://es.wikipedia.org/wiki/Biblioteca_P%C3%BAblica_del_Estado_en_Santa_Cruz_de_Tenerife,RI-BI-0000026,
http://www.wikidata.org/entity/Q5748232,Capilla Anglicana (Las Palmas de Gran Canaria),Capilla Anglicana (Las Palmas de Gran Canaria),https://es.wikipedia.org/wiki/Capilla_Anglicana_(Las_Palmas_de_Gran_Canaria),RI-51-0007305,
http://www.wikidata.org/entity/Q5748356,Capilla de San Pedro de Abajo (Güímar),Capilla de San Pedro de Abajo (Güímar),https://es.wikipedia.org/wiki/Capilla_de_San_Pedro_de_Abajo_(G%C3%BC%C3%ADmar),RI-51-0010989,
http://www.wikidata.org/entity/Q5748392,Capilla de la Venerable Orden Tercera,Capilla de la Venerable Orden Tercera (Santa Cruz de Tenerife),https://es.wikipedia.org/wiki/Capilla_de_la_Venerable_Orden_Tercera_(Santa_Cruz_de_Tenerife),,
http://www.wikidata.org/entity/Q5754109,Casa Campino,Casa Campino,https://es.wikipedia.org/wiki/Casa_Campino,RI-51-0009034,956
http://www.wikidata.org/entity/Q5754207,Casa Falcón y Quintana,Casa Falcón y Quintana,https://es.wikipedia.org/wiki/Casa_Falc%C3%B3n_y_Quintana,ARI-51-0010601,
http://www.wikidata.org/entity/Q5754559,Casa Verde de Aguilar,Casa Verde de Aguilar,https://es.wikipedia.org/wiki/Casa_Verde_de_Aguilar,RI-51-0007003,81
http://www.wikidata.org/entity/Q5754892,Casa de La Portuguesa,Casa de La Portuguesa,https://es.wikipedia.org/wiki/Casa_de_La_Portuguesa,RI-51-0011326,1133
http://www.wikidata.org/entity/Q5755139,Casa de la Cámara Episcopal (Agüimes),Casa de la Cámara Episcopal (Agüimes),https://es.wikipedia.org/wiki/Casa_de_la_C%C3%A1mara_Episcopal_(Ag%C3%BCimes),RI-51-0008286,
http://www.wikidata.org/entity/Q5755355,Casa de los coroneles,Casa de los Coroneles,https://es.wikipedia.org/wiki/Casa_de_los_Coroneles,RI-51-0004369,202
http://www.wikidata.org/entity/Q5755409,Casa del Canónigo Gordillo,Casa Natal del Canónigo Gordillo,https://es.wikipedia.org/wiki/Casa_Natal_del_Can%C3%B3nigo_Gordillo,RI-51-0008285,117
http://www.wikidata.org/entity/Q5755506,Casa del Inglés (La Oliva),Casa del Inglés (La Oliva),https://es.wikipedia.org/wiki/Casa_del_Ingl%C3%A9s_(La_Oliva),RI-51-0010701,
http://www.wikidata.org/entity/Q5756303,Casino de Tenerife,Casino de Tenerife,https://es.wikipedia.org/wiki/Casino_de_Tenerife,RI-51-0007420,
http://www.wikidata.org/entity/Q5757430,Castillo de Mata,Castillo de Mata,https://es.wikipedia.org/wiki/Castillo_de_Mata,RI-51-0008261,104
http://www.wikidata.org/entity/Q5757508,Castillo de Paso Alto,Castillo de Paso Alto (Santa Cruz de Tenerife),https://es.wikipedia.org/wiki/Castillo_de_Paso_Alto_(Santa_Cruz_de_Tenerife),RI-51-0008255,358
http://www.wikidata.org/entity/Q5757552,Castillo de San Felipe,Castillo de San Felipe (Puerto de la Cruz),https://es.wikipedia.org/wiki/Castillo_de_San_Felipe_(Puerto_de_la_Cruz),RI-51-0008254,
http://www.wikidata.org/entity/Q5757559,Castillo de San Joaquín,Castillo de San Joaquín,https://es.wikipedia.org/wiki/Castillo_de_San_Joaqu%C3%ADn,RI-51-0008258,357
http://www.wikidata.org/entity/Q5760332,Cementerio de La Orotava,Cementerio de La Orotava,https://es.wikipedia.org/wiki/Cementerio_de_La_Orotava,,965
http://www.wikidata.org/entity/Q5760341,Cementerio de San Bartolomé de Tirajana,Cementerio de San Bartolomé de Tirajana,https://es.wikipedia.org/wiki/Cementerio_de_San_Bartolom%C3%A9_de_Tirajana,RI-51-0006972,
http://www.wikidata.org/entity/Q5760372,Cementerio de San Rafael y San Roque,Cementerio de San Rafael y San Roque,https://es.wikipedia.org/wiki/Cementerio_de_San_Rafael_y_San_Roque,RI-51-0007044,1122
http://www.wikidata.org/entity/Q5760449,Cenobio de Valerón,Cenobio de Valerón,https://es.wikipedia.org/wiki/Cenobio_de_Valer%C3%B3n,RI-51-0004295,118
http://www.wikidata.org/entity/Q5800691,iglesia de San Antonio Abad,Iglesia de San Antonio Abad (Fuencaliente de La Palma),https://es.wikipedia.org/wiki/Iglesia_de_San_Antonio_Abad_(Fuencaliente_de_La_Palma),RI-51-0006812-00000,
http://www.wikidata.org/entity/Q5817402,Ermita de Nuestra Señora de Regla,Ermita de Nuestra Señora de Regla (Pájara),https://es.wikipedia.org/wiki/Ermita_de_Nuestra_Se%C3%B1ora_de_Regla_(P%C3%A1jara),RI-51-0008732,
http://www.wikidata.org/entity/Q5822058,El Guerrero de Goslar,El Guerrero de Goslar,https://es.wikipedia.org/wiki/El_Guerrero_de_Goslar,,1114
http://www.wikidata.org/entity/Q5823584,El Toscal (Santa Cruz de Tenerife),El Toscal (Santa Cruz de Tenerife),https://es.wikipedia.org/wiki/El_Toscal_(Santa_Cruz_de_Tenerife),,1112
http://www.wikidata.org/entity/Q5835906,Ermita de El Buen Jesús (Tijarafe),Ermita de El Buen Jesús (Tijarafe),https://es.wikipedia.org/wiki/Ermita_de_El_Buen_Jes%C3%BAs_(Tijarafe),RI-51-0009004,175
http://www.wikidata.org/entity/Q5835936,Ermita de Nuestra Señora de Gracia (San Cristóbal de La Laguna),Ermita de Nuestra Señora de Gracia (San Cristóbal de La Laguna),https://es.wikipedia.org/wiki/Ermita_de_Nuestra_Se%C3%B1ora_de_Gracia_(San_Crist%C3%B3bal_de_La_Laguna),RI-51-0009025,1024
http://www.wikidata.org/entity/Q5835964,Ermita de Nuestra Señora de la Caridad (Tindaya),Ermita de Nuestra Señora de la Caridad (Tindaya),https://es.wikipedia.org/wiki/Ermita_de_Nuestra_Se%C3%B1ora_de_la_Caridad_(Tindaya),RI-51-0007417,
http://www.wikidata.org/entity/Q5835985,Ermita de Nuestra Señora de las Nieves (Agaete),Ermita de Nuestra Señora de las Nieves (Agaete),https://es.wikipedia.org/wiki/Ermita_de_Nuestra_Se%C3%B1ora_de_las_Nieves_(Agaete),RI-51-0003865,
http://www.wikidata.org/entity/Q5836033,Ermita de San Agustín (Tefía),Ermita de San Agustín (Tefía),https://es.wikipedia.org/wiki/Ermita_de_San_Agust%C3%ADn_(Tef%C3%ADa),RI-51-0008715,214
http://www.wikidata.org/entity/Q5836047,Ermita de San Antonio Abad (Las Palmas de Gran Canaria),Ermita de San Antonio Abad (Las Palmas de Gran Canaria),https://es.wikipedia.org/wiki/Ermita_de_San_Antonio_Abad_(Las_Palmas_de_Gran_Canaria),RI-51-0010935,
http://www.wikidata.org/entity/Q5836080,Ermita de San Cristóbal (San Cristóbal de La Laguna),Ermita de San Cristóbal (San Cristóbal de La Laguna),https://es.wikipedia.org/wiki/Ermita_de_San_Crist%C3%B3bal_(San_Crist%C3%B3bal_de_La_Laguna),,
http://www.wikidata.org/entity/Q5836082,Ermita de San Diego del Monte,Ermita de San Diego del Monte (San Cristóbal de La Laguna),https://es.wikipedia.org/wiki/Ermita_de_San_Diego_del_Monte_(San_Crist%C3%B3bal_de_La_Laguna),,
http://www.wikidata.org/entity/Q5836162,Ermita de San Miguel Arcángel (San Cristóbal de La Laguna),Ermita de San Miguel Arcángel (San Cristóbal de La Laguna),https://es.wikipedia.org/wiki/Ermita_de_San_Miguel_Arc%C3%A1ngel_(San_Crist%C3%B3bal_de_La_Laguna),RI-51-0009028,
http://www.wikidata.org/entity/Q5836194,Ermita de San Rafael,Ermita de San Rafael (Teguise),https://es.wikipedia.org/wiki/Ermita_de_San_Rafael_(Teguise),RI-51-0010731,
http://www.wikidata.org/entity/Q5836248,Ermita de San Telmo (Santa Cruz de Tenerife),Ermita de San Telmo (Santa Cruz de Tenerife),https://es.wikipedia.org/wiki/Ermita_de_San_Telmo_(Santa_Cruz_de_Tenerife),RI-51-0007043,1001
http://www.wikidata.org/entity/Q5836296,Ermita de Santa Catalina Mártir de Alejandría,Ermita de Santa Catalina Mártir de Alejandría (Taganana),https://es.wikipedia.org/wiki/Ermita_de_Santa_Catalina_M%C3%A1rtir_de_Alejandr%C3%ADa_(Taganana),RI-51-0011098,
http://www.wikidata.org/entity/Q5836593,Ermita del Calvario (Icod de los Vinos),Ermita del Calvario (Icod de los Vinos),https://es.wikipedia.org/wiki/Ermita_del_Calvario_(Icod_de_los_Vinos),RI-51-0009033,
http://www.wikidata.org/entity/Q5854376,Fachada del edificio Segarra,Fachada del edificio Segarra,https://es.wikipedia.org/wiki/Fachada_del_edificio_Segarra,ARI-51-0010182,
http://www.wikidata.org/entity/Q5864162,Fortaleza de Chipude,Fortaleza de Chipude,https://es.wikipedia.org/wiki/Fortaleza_de_Chipude,RI-55-0000842,
http://www.wikidata.org/entity/Q5873064,Gabinete Literario,Gabinete Literario,https://es.wikipedia.org/wiki/Gabinete_Literario,RI-51-0005166,96
http://www.wikidata.org/entity/Q5891149,Hacienda de Hoya de Pineda,Hacienda de Hoya de Pineda,https://es.wikipedia.org/wiki/Hacienda_de_Hoya_de_Pineda,RI-51-0006999,
http://www.wikidata.org/entity/Q5891151,Hacienda de Los Príncipes,Hacienda de Los Príncipes,https://es.wikipedia.org/wiki/Hacienda_de_Los_Pr%C3%ADncipes,RI-51-0009031,995
http://www.wikidata.org/entity/Q5897722,Hijuela del Botánico,Hijuela del Botánico,https://es.wikipedia.org/wiki/Hijuela_del_Bot%C3%A1nico,RI-52-0000087,
http://www.wikidata.org/entity/Q5909048,iglesia Matriz de Nuestra Señora del Rosario (Puerto del Rosario),Iglesia Matriz de Nuestra Señora del Rosario (Puerto del Rosario),https://es.wikipedia.org/wiki/Iglesia_Matriz_de_Nuestra_Se%C3%B1ora_del_Rosario_(Puerto_del_Rosario),RI-51-0007030,212
http://www.wikidata.org/entity/Q5909060,iglesia Matriz de Santa María de Guía,Iglesia Matriz de Santa María de Guía,https://es.wikipedia.org/wiki/Iglesia_Matriz_de_Santa_Mar%C3%ADa_de_Gu%C3%ADa,RI-51-0004510,
http://www.wikidata.org/entity/Q5909064,iglesia Matriz de Santiago de Los Caballeros,Iglesia Matriz de Santiago de Los Caballeros,https://es.wikipedia.org/wiki/Iglesia_Matriz_de_Santiago_de_Los_Caballeros,RI-51-0008728,77
http://www.wikidata.org/entity/Q5909067,iglesia Matriz de la Asunción,Iglesia Matriz de la Asunción (San Sebastián de La Gomera),https://es.wikipedia.org/wiki/Iglesia_Matriz_de_la_Asunci%C3%B3n_(San_Sebasti%C3%A1n_de_La_Gomera),,
http://www.wikidata.org/entity/Q5909315,iglesia de Nuestra Señora de Antigua,Iglesia de Nuestra Señora (Antigua),https://es.wikipedia.org/wiki/Iglesia_de_Nuestra_Se%C3%B1ora_(Antigua),RI-51-0007036,
http://www.wikidata.org/entity/Q5909546,iglesia de Nuestra Señora de la Candelaria (Tijarafe),Iglesia de Nuestra Señora de la Candelaria (Tijarafe),https://es.wikipedia.org/wiki/Iglesia_de_Nuestra_Se%C3%B1ora_de_la_Candelaria_(Tijarafe),RI-51-0008674,174
http://www.wikidata.org/entity/Q5909548,iglesia de Nuestra Señora de la Concepción,Iglesia de Nuestra Señora de la Concepción (Los Realejos),https://es.wikipedia.org/wiki/Iglesia_de_Nuestra_Se%C3%B1ora_de_la_Concepci%C3%B3n_(Los_Realejos),RI-51-0007425,
http://www.wikidata.org/entity/Q5909551,iglesia de Nuestra Señora de la Concepción (Valverde),Iglesia de Nuestra Señora de la Concepción (Valverde),https://es.wikipedia.org/wiki/Iglesia_de_Nuestra_Se%C3%B1ora_de_la_Concepci%C3%B3n_(Valverde),RI-51-0010463,
http://www.wikidata.org/entity/Q5909729,iglesia de Nuestra Señora del Rosario (Barlovento),Iglesia de Nuestra Señora del Rosario (Barlovento),https://es.wikipedia.org/wiki/Iglesia_de_Nuestra_Se%C3%B1ora_del_Rosario_(Barlovento),RI-51-0005434,
http://www.wikidata.org/entity/Q5909934,iglesia de San Antonio de Padua (Granadilla de Abona),Iglesia de San Antonio de Padua (Granadilla de Abona),https://es.wikipedia.org/wiki/Iglesia_de_San_Antonio_de_Padua_(Granadilla_de_Abona),RI-51-0010623,
http://www.wikidata.org/entity/Q5909980,iglesia de San Bartolomé (San Bartolomé),Iglesia de San Bartolomé (San Bartolomé),https://es.wikipedia.org/wiki/Iglesia_de_San_Bartolom%C3%A9_(San_Bartolom%C3%A9),RI-51-0010739,
http://www.wikidata.org/entity/Q5909992,iglesia de San Bartolomé (Tejina),Iglesia de San Bartolomé (Tejina),https://es.wikipedia.org/wiki/Iglesia_de_San_Bartolom%C3%A9_(Tejina),RI-51-0009029,
http://www.wikidata.org/entity/Q5910005,iglesia de San Benito Abad (San Cristóbal de La Laguna),Iglesia de San Benito Abad (San Cristóbal de La Laguna),https://es.wikipedia.org/wiki/Iglesia_de_San_Benito_Abad_(San_Crist%C3%B3bal_de_La_Laguna),RI-51-0011097,
http://www.wikidata.org/entity/Q5910336,iglesia de San José,Iglesia de San José (Breña Baja),https://es.wikipedia.org/wiki/Iglesia_de_San_Jos%C3%A9_(Bre%C3%B1a_Baja),RI-51-0008682,
http://www.wikidata.org/entity/Q5910365,iglesia de San José,Iglesia de San José (San Juan de la Rambla),https://es.wikipedia.org/wiki/Iglesia_de_San_Jos%C3%A9_(San_Juan_de_la_Rambla),RI-51-0007210,
http://www.wikidata.org/entity/Q5910492,iglesia de San Juan Bautista,Iglesia de San Juan Bautista (Puntallana),https://es.wikipedia.org/wiki/Iglesia_de_San_Juan_Bautista_(Puntallana),RI-51-0007038,
http://www.wikidata.org/entity/Q5910514,iglesia de San Juan Bautista,Iglesia de San Juan Bautista (Villa de Arico),https://es.wikipedia.org/wiki/Iglesia_de_San_Juan_Bautista_(Villa_de_Arico),RI-51-0008724,
http://www.wikidata.org/entity/Q5910699,iglesia de San Lázaro,Iglesia de San Lázaro (San Cristóbal de La Laguna),https://es.wikipedia.org/wiki/Iglesia_de_San_L%C3%A1zaro_(San_Crist%C3%B3bal_de_La_Laguna),RI-51-0011095,
http://www.wikidata.org/entity/Q5910712,iglesia de San Marcos,Iglesia de San Marcos (Icod de los Vinos),https://es.wikipedia.org/wiki/Iglesia_de_San_Marcos_(Icod_de_los_Vinos),RI-51-0007427,
http://www.wikidata.org/entity/Q5910930,iglesia de San Miguel Arcángel,Iglesia de San Miguel Arcángel (Tuineje),https://es.wikipedia.org/wiki/Iglesia_de_San_Miguel_Arc%C3%A1ngel_(Tuineje),RI-51-0008730,
http://www.wikidata.org/entity/Q5911002,iglesia de San Nicolás de Bari (Las Manchas),Iglesia de San Nicolás de Bari (Las Manchas),https://es.wikipedia.org/wiki/Iglesia_de_San_Nicol%C3%A1s_de_Bari_(Las_Manchas),RI-51-0007209,
http://www.wikidata.org/entity/Q5911170,iglesia de San Pedro Apóstol (El Sauzal),Iglesia de San Pedro Apóstol (El Sauzal),https://es.wikipedia.org/wiki/Iglesia_de_San_Pedro_Ap%C3%B3stol_(El_Sauzal),ARI-51-0007415,
http://www.wikidata.org/entity/Q5912035,iglesia de Santa Úrsula (Santa Úrsula),Iglesia de Santa Úrsula (Santa Úrsula),https://es.wikipedia.org/wiki/Iglesia_de_Santa_%C3%9Arsula_(Santa_%C3%9Arsula),RI-51-0011607,
http://www.wikidata.org/entity/Q5912213,iglesia de Santo Domingo de Guzmán (San Cristóbal de La Laguna),Iglesia de Santo Domingo de Guzmán (San Cristóbal de La Laguna),https://es.wikipedia.org/wiki/Iglesia_de_Santo_Domingo_de_Guzm%C3%A1n_(San_Crist%C3%B3bal_de_La_Laguna),RI-51-0008722,
http://www.wikidata.org/entity/Q59155748,Torreón de Gando,Torreón de Gando,https://es.wikipedia.org/wiki/Torre%C3%B3n_de_Gando,,
http://www.wikidata.org/entity/Q59213382,Conjunto arqueológico de Acusa,Conjunto arqueológico de Acusa,https://es.wikipedia.org/wiki/Conjunto_arqueol%C3%B3gico_de_Acusa,ARI-55-0000442,
http://www.wikidata.org/entity/Q59243833,Calle Perojo (Las Palmas de Gran Canaria),,,ARI-53-0000518,
http://www.wikidata.org/entity/Q5962729,La Casa Amarilla,La Casa Amarilla,https://es.wikipedia.org/wiki/La_Casa_Amarilla,RI-51-0009204,1109
http://www.wikidata.org/entity/Q5968885,Lago Martiánez,Lago Martiánez,https://es.wikipedia.org/wiki/Lago_Marti%C3%A1nez,RI-52-0000077,1002
http://www.wikidata.org/entity/Q599116,iglesia Matriz de la Concepción,Iglesia Matriz de la Concepción (Santa Cruz de Tenerife),https://es.wikipedia.org/wiki/Iglesia_Matriz_de_la_Concepci%C3%B3n_(Santa_Cruz_de_Tenerife),RI-51-0004924-00001,
http://www.wikidata.org/entity/Q6017982,Mirador de La Peña,Mirador de La Peña,https://es.wikipedia.org/wiki/Mirador_de_La_Pe%C3%B1a,RI-51-0009256,
http://www.wikidata.org/entity/Q6020927,Molino de Barranco Grande,Molino de Barranco Grande,https://es.wikipedia.org/wiki/Molino_de_Barranco_Grande,RI-54-0000191,363
http://www.wikidata.org/entity/Q6020934,Molino de Cazorla (San Bartolomé de Tirajana),Molino de Cazorla (San Bartolomé de Tirajana),https://es.wikipedia.org/wiki/Molino_de_Cazorla_(San_Bartolom%C3%A9_de_Tirajana),ARI-51-0009107,
http://www.wikidata.org/entity/Q6020938,Molino de Cuevas Blancas,Molino de Cuevas Blancas,https://es.wikipedia.org/wiki/Molino_de_Cuevas_Blancas,RI-54-0000190,226
http://www.wikidata.org/entity/Q6020947,Molino de Gofio del Risco de las Pencas,Molino de Gofio del Risco de las Pencas,https://es.wikipedia.org/wiki/Molino_de_Gofio_del_Risco_de_las_Pencas,RI-53-0000540,1060
http://www.wikidata.org/entity/Q6020959,Molino de Llano del Moro,Molino de Llano del Moro,https://es.wikipedia.org/wiki/Molino_de_Llano_del_Moro,RI-51-0010632,1131
http://www.wikidata.org/entity/Q6032843,Muralla de Las Palmas,Muralla de Las Palmas,https://es.wikipedia.org/wiki/Muralla_de_Las_Palmas,RI-51-0002334,103
http://www.wikidata.org/entity/Q6039283,Necrópolis de Arteara,Necrópolis de Arteara,https://es.wikipedia.org/wiki/Necr%C3%B3polis_de_Arteara,RI-55-0000082,109
http://www.wikidata.org/entity/Q6057887,Palacio de Carta,Palacio de Carta,https://es.wikipedia.org/wiki/Palacio_de_Carta,ARI-51-0001208-00001,348
http://www.wikidata.org/entity/Q6058132,Palacio de Nava,Palacio de Nava,https://es.wikipedia.org/wiki/Palacio_de_Nava,RI-51-0007422,263
http://www.wikidata.org/entity/Q6063491,Parroquia Matriz del Apóstol Santiago,Parroquia Matriz del Apóstol Santiago,https://es.wikipedia.org/wiki/Parroquia_Matriz_del_Ap%C3%B3stol_Santiago,RI-51-0004798,
http://www.wikidata.org/entity/Q6063667,Parroquia de María Auxiliadora (Duggi),Parroquia de María Auxiliadora (Duggi),https://es.wikipedia.org/wiki/Parroquia_de_Mar%C3%ADa_Auxiliadora_(Duggi),ARI-51-0009272,
http://www.wikidata.org/entity/Q6079856,Plaza Weyler,Plaza Weyler,https://es.wikipedia.org/wiki/Plaza_Weyler,ARI-51-0007046,
http://www.wikidata.org/entity/Q6080352,Plaza de toros de Santa Cruz de Tenerife,Plaza de toros de Santa Cruz de Tenerife,https://es.wikipedia.org/wiki/Plaza_de_toros_de_Santa_Cruz_de_Tenerife,,
http://www.wikidata.org/entity/Q6090895,Pueblo Canario (complejo arquitectónico),Pueblo Canario (complejo arquitectónico),https://es.wikipedia.org/wiki/Pueblo_Canario_(complejo_arquitect%C3%B3nico),,
http://www.wikidata.org/entity/Q6095054,Quinta Verde,Quinta Verde,https://es.wikipedia.org/wiki/Quinta_Verde,ARI-51-0008684-00000,
http://www.wikidata.org/entity/Q6139658,Teatro Circo de Marte,Teatro Circo de Marte,https://es.wikipedia.org/wiki/Teatro_Circo_de_Marte,RI-51-0008689,178
http://www.wikidata.org/entity/Q6150387,Torre de El Paso,Iglesia de Nuestra Señora de Bonanza,https://es.wikipedia.org/wiki/Iglesia_de_Nuestra_Se%C3%B1ora_de_Bonanza,RI-51-0008746,
http://www.wikidata.org/entity/Q6162455,Villa de Arico,Villa de Arico,https://es.wikipedia.org/wiki/Villa_de_Arico,RI-53-0000415,876
http://www.wikidata.org/entity/Q6169507,Yacimiento Arqueológico de Cuatro Puertas,Cuatro Puertas,https://es.wikipedia.org/wiki/Cuatro_Puertas,RI-55-0000080,
http://www.wikidata.org/entity/Q62363730,Biblioteca Insular de Gran Canaria,,,,
http://www.wikidata.org/entity/Q6405964,Casa de Carta,Casa de Carta,https://es.wikipedia.org/wiki/Casa_de_Carta,RI-51-0011139,
http://www.wikidata.org/entity/Q6447266,iglesia del Amparo,Iglesia del Amparo (Icod de los Vinos),https://es.wikipedia.org/wiki/Iglesia_del_Amparo_(Icod_de_los_Vinos),RI-51-0011207-00000,
http://www.wikidata.org/entity/Q7414234,iglesia Matriz de San Ginés Obispo,Iglesia Matriz de San Ginés Obispo (Arrecife),https://es.wikipedia.org/wiki/Iglesia_Matriz_de_San_Gin%C3%A9s_Obispo_(Arrecife),RI-51-0005448,140
http://www.wikidata.org/entity/Q8342548,Castillo de San Francisco (Las Palmas de Gran Canaria),Castillo de San Francisco (Las Palmas de Gran Canaria),https://es.wikipedia.org/wiki/Castillo_de_San_Francisco_(Las_Palmas_de_Gran_Canaria),RI-51-0008262,
http://www.wikidata.org/entity/Q8352462,Cueva de Bencomo,Cueva de Bencomo,https://es.wikipedia.org/wiki/Cueva_de_Bencomo,RI-51-0008739,273
http://www.wikidata.org/entity/Q9006831,iglesia Matriz de Nuestra Señora de Guadalupe (Teguise),Iglesia Matriz de Nuestra Señora de Guadalupe (Teguise),https://es.wikipedia.org/wiki/Iglesia_Matriz_de_Nuestra_Se%C3%B1ora_de_Guadalupe_(Teguise),RI-51-0004342,148
http://www.wikidata.org/entity/Q9082133,Teatro Chico,Teatro Chico (Santa Cruz de La Palma),https://es.wikipedia.org/wiki/Teatro_Chico_(Santa_Cruz_de_La_Palma),RI-51-0008690,180
http://www.wikidata.org/entity/Q9089023,Torre del Conde (España),Torre del Conde (Canarias),https://es.wikipedia.org/wiki/Torre_del_Conde_(Canarias),RI-51-0006884,
http://www.wikidata.org/entity/Q34485,basílica de Nuestra Señora de la Candelaria,Basílica de Nuestra Señora de la Candelaria,https://es.wikipedia.org/wiki/Bas%C3%ADlica_de_Nuestra_Se%C3%B1ora_de_la_Candelaria,RI-51-0007410,
http://www.wikidata.org/entity/Q34562,Catedral de San Cristóbal de La Laguna,Catedral de San Cristóbal de La Laguna,https://es.wikipedia.org/wiki/Catedral_de_San_Crist%C3%B3bal_de_La_Laguna,RI-51-0004949,
http://www.wikidata.org/entity/Q63368,Real Santuario del Cristo de La Laguna,Real Santuario del Santísimo Cristo de La Laguna,https://es.wikipedia.org/wiki/Real_Santuario_del_Sant%C3%ADsimo_Cristo_de_La_Laguna,,
